{"steps": [{"thought": "Thought: ", "action": "Action: str()", "observation": "Observation: Error code: 400 - {'error': {'message': \"This model's maximum context length is 128000 tokens. However, your messages resulted in 139116 tokens (139067 in the messages, 49 in the functions). Please reduce the length of the messages or functions.\", 'type': 'invalid_request_error', 'param': 'messages', 'code': 'context_length_exceeded'}}", "summary": "Summary: ", "error": "Error: None"}, {"thought": "Thought: ", "action": "Action: str()", "observation": "Observation: Error code: 400 - {'error': {'message': \"This model's maximum context length is 128000 tokens. However, your messages resulted in 139116 tokens (139067 in the messages, 49 in the functions). Please reduce the length of the messages or functions.\", 'type': 'invalid_request_error', 'param': 'messages', 'code': 'context_length_exceeded'}}", "summary": "Summary: ", "error": "Error: None"}]}